{
    "Demo":[
        {
            "Work Path":"D://BCHEARL_Demo",
            "isParallel":1,
            "Data Dir":"NOT_DIAGNOSTIC_offline3D",
            "Fill Data":"./demoFillData.mat",
            "Mask File":"./demoROI.mat",
            "Mask Layer":0,
            "Gaussian":0,
            "Ref Standard":"EARL2",
            "Figure Path":"./",
            "Result Path":"./"
        }
    ],
    "Demo_Gaussian3":[
        {
            "Work Path":"D://BCHEARL_Demo",
            "isParallel":1,
            "Data Dir":"NOT_DIAGNOSTIC_offline3D",
            "Fill Data":"./demoFillData.mat",
            "Mask File":"./demoROI.mat",
            "Mask Layer":46,
            "Gaussian":3,
            "Ref Standard":"EARL2",
            "Figure Path":"./",
            "Result Path":"./Demo_Gaussian3.txt"
        }
    ]
}